,mass A,,
t,x,y,
0.083,-3.882,8.137
0.100,-4.972,7.695
0.117,-5.961,7.228
0.133,-6.920,6.639
0.150,-7.832,5.943
0.167,-8.654,5.182
0.183,-9.437,4.370
0.200,-10.08,3.534
0.217,-10.66,2.619
0.234,-11.12,1.685
0.250,-11.45,0.731
0.267,-11.69,-0.232
0.284,-11.77,-1.175
0.300,-11.75,-2.144
0.317,-11.66,-3.046
0.334,-11.45,-3.914
0.350,-11.12,-4.729
0.367,-10.67,-5.484
0.384,-10.06,-6.210
0.400,-9.379,-6.868
0.417,-8.622,-7.383
0.434,-8.717,-7.798
0.450,-7.900,-8.134
0.467,-6.955,-8.399
0.484,-5.969,-8.642
0.500,-4.904,-8.805
0.517,-3.839,-8.896
0.534,-2.704,-8.899
0.550,-1.622,-8.825
0.567,-0.526,-8.692
0.584,0.539,-8.439
0.600,1.569,-8.109
0.617,2.651,-7.668
0.634,3.679,-7.148
0.650,4.659,-6.569
0.667,5.631,-5.866
0.684,6.446,-5.139
0.701,7.196,-4.368
0.717,7.828,-3.594
0.734,8.409,-2.759
0.751,8.900,-1.863
0.767,9.294,-0.976
0.784,9.524,-9.957E-2
0.801,9.798,0.804
0.817,9.929,1.655
0.834,10.06,2.444
0.851,9.587,2.652
0.867,9.349,3.492
0.884,8.994,4.282
0.901,8.585,5.034
0.917,8.118,5.772
0.934,7.520,6.427
0.951,6.882,7.029
0.967,6.066,7.558
0.984,5.241,8.011
1.001,4.357,8.383
1.017,3.391,8.656
1.034,2.411,8.849
1.051,1.352,8.950
1.067,0.276,8.939
1.084,-0.779,8.874
1.101,-1.880,8.684
1.117,-2.942,8.390
1.134,-4.008,8.015
1.151,-5.046,7.560
1.168,-6.048,7.009
1.184,-6.955,6.382
1.201,-7.843,5.643
1.218,-8.609,4.870
1.234,-9.317,4.025
1.251,-9.943,3.122
1.268,-10.47,2.194
1.284,-10.90,1.220
1.301,-11.16,0.267
1.318,-11.35,-0.708
1.334,-11.43,-1.697
1.351,-11.43,-2.656
1.368,-11.24,-3.508
1.384,-11.00,-4.357
1.401,-10.63,-5.184
1.418,-10.11,-5.926
1.434,-9.574,-6.630
1.451,-8.975,-7.204
1.468,-8.981,-7.675
1.484,-8.263,-8.048
1.501,-7.401,-8.344
1.518,-6.485,-8.614
1.534,-5.524,-8.836
1.551,-4.499,-8.959
1.568,-3.453,-9.020
1.584,-2.359,-8.990
1.601,-1.267,-8.854
1.618,-0.237,-8.660
1.635,0.837,-8.350
1.651,1.844,-7.958
1.668,2.874,-7.472
1.685,3.842,-6.927
1.701,4.739,-6.302
1.718,5.591,-5.603
1.735,6.368,-4.860
1.751,7.079,-4.048
1.768,7.727,-3.211
1.785,8.248,-2.369
1.801,8.686,-1.464
1.818,9.009,-0.557
1.835,9.230,0.345
1.851,9.563,1.209
1.868,9.679,2.085
1.885,9.312,2.251
1.901,9.165,3.108
1.918,8.917,3.935
1.935,8.603,4.730
1.951,8.262,5.523
1.968,7.731,6.216
1.985,7.078,6.830
2.001,6.375,7.380
2.018,5.599,7.873
2.035,4.756,8.266
2.051,3.879,8.591
2.068,2.954,8.840
2.085,1.964,8.975
2.102,0.964,9.037
2.118,-6.876E-2,9.004
2.135,-1.119,8.864
2.152,-2.162,8.626
2.168,-3.200,8.304
2.185,-4.187,7.891
2.202,-5.134,7.389
2.218,-6.082,6.812
2.235,-6.983,6.130
2.252,-7.811,5.360
2.268,-8.567,4.513
2.285,-9.264,3.616
2.302,-9.829,2.710
2.318,-10.30,1.752
2.335,-10.64,0.771
2.352,-10.91,-0.202
2.368,-11.03,-1.175
2.385,-11.04,-2.133
2.402,-11.02,-3.081
2.418,-10.84,-3.974
2.435,-10.53,-4.847
2.452,-10.14,-5.598
2.468,-9.655,-6.345
2.485,-9.071,-6.982
2.502,-8.360,-7.521
2.518,-8.493,-7.903
2.535,-7.769,-8.267
2.552,-6.905,-8.551
2.569,-6.017,-8.799
2.585,-5.045,-8.986
2.602,-4.021,-9.078
2.619,-3.033,-9.116
2.635,-2.019,-9.041
2.652,-0.940,-8.866
2.669,2.131E-2,-8.631
2.685,1.040,-8.284
2.702,1.936,-7.885
2.719,2.882,-7.373
2.735,3.808,-6.789
2.752,4.725,-6.092
2.769,5.522,-5.367
2.785,6.252,-4.582
2.802,6.924,-3.757
2.819,7.482,-2.906
2.835,7.996,-2.010
2.852,8.396,-1.103
2.869,8.675,-0.191
2.885,9.096,0.712
2.902,9.261,1.600
2.919,9.377,2.454
2.935,8.909,2.661
2.952,8.756,3.522
2.969,8.481,4.371
2.986,8.121,5.135
3.002,7.722,5.885
3.019,7.228,6.566
3.036,6.635,7.163
3.052,5.949,7.710
3.069,5.197,8.159
3.086,4.385,8.539
3.102,3.525,8.806
3.119,2.590,9.032
3.136,1.622,9.128
3.152,0.632,9.118
3.169,-0.377,9.030
3.186,-1.407,8.855
3.202,-2.426,8.573
3.219,-3.407,8.199
3.236,-4.370,7.761
3.252,-5.282,7.230
3.269,-6.204,6.591
3.286,-7.053,5.881
3.302,-7.813,5.089
3.319,-8.526,4.216
3.336,-9.152,3.318
3.352,-9.660,2.379
3.369,-10.11,1.402
3.386,-10.45,0.408
3.402,-10.69,-0.588
3.419,-10.79,-1.589
3.436,-10.78,-2.573
3.453,-10.72,-3.527
3.469,-10.57,-4.427
3.486,-10.19,-5.269
3.503,-9.757,-6.011
3.519,-9.252,-6.739
3.536,-8.677,-7.346
3.553,-8.792,-7.792
3.569,-8.081,-8.192
3.586,-6.667,-8.440
3.603,-5.843,-8.761
3.619,-4.921,-9.016
3.636,-4.022,-9.191
3.653,-3.050,-9.252
3.669,-2.016,-9.243
3.686,-1.017,-9.125
3.703,3.362E-2,-8.931
3.719,1.098,-8.669
3.736,2.077,-8.272
3.753,3.059,-7.830
3.769,3.975,-7.308
3.786,4.965,-6.789
3.803,5.824,-6.136
3.819,6.583,-5.410
3.836,7.358,-4.688
3.853,7.934,-3.861
3.869,8.488,-3.009
3.886,8.924,-2.103
3.903,9.198,-1.140
3.920,9.395,-0.168
3.936,9.186,0.936
3.953,9.252,1.836
3.970,9.245,2.733
3.986,9.234,3.540
4.003,9.015,4.294
4.020,8.593,4.955
4.036,8.179,5.679
4.053,7.729,6.378
4.070,7.193,7.026
4.086,6.549,7.610
4.103,5.842,8.118
4.120,5.078,8.527
4.136,4.258,8.861
4.153,3.387,9.106
4.170,2.477,9.280
4.186,1.525,9.343
4.203,0.557,9.305
4.220,-0.370,9.226
4.236,-1.356,8.997
4.253,-2.270,8.711
4.270,-3.235,8.286
4.286,-4.144,7.782
4.303,-5.041,7.200
4.320,-5.880,6.529
4.336,-6.664,5.775
4.353,-7.381,4.939
4.370,-8.065,4.034
4.387,-8.633,3.089
4.403,-9.111,2.122
4.420,-9.493,1.135
4.437,-9.796,0.106
4.453,-9.976,-0.923
4.470,-10.04,-1.891
4.487,-10.07,-2.853
4.503,-9.959,-3.827
4.520,-9.812,-4.718
4.537,-9.526,-5.570
4.553,-9.139,-6.348
4.570,-8.628,-7.050
4.587,-8.052,-7.648
4.603,-7.451,-8.160
4.620,-7.092,-8.411
4.637,-6.267,-8.793
4.653,-5.408,-9.115
4.670,-4.542,-9.346
4.687,-3.624,-9.470
4.703,-2.666,-9.536
4.720,-1.705,-9.469
4.737,-0.806,-9.284
4.753,0.194,-9.046
4.770,1.153,-8.736
4.787,2.083,-8.318
4.803,3.110,-7.850
4.820,3.957,-7.282
4.837,4.929,-6.732
4.854,5.716,-6.017
4.870,6.427,-5.250
4.887,7.140,-4.468
4.904,7.703,-3.627
4.920,8.240,-2.778
4.937,8.653,-1.867
4.954,8.953,-0.900
4.970,8.931,0.179
4.987,8.700,1.291
5.004,8.808,2.185
5.020,8.945,3.031
5.037,8.821,3.878
5.054,8.499,4.586
5.070,8.063,5.259
5.087,7.700,5.993
5.104,7.196,6.667
5.120,6.668,7.295
5.137,6.032,7.865
5.154,5.331,8.344
5.170,4.573,8.752
5.187,3.798,9.071
5.204,2.956,9.301
5.220,2.075,9.422
5.237,1.161,9.428
5.254,0.252,9.382
5.270,-0.664,9.243
5.287,-1.614,8.993
5.304,-2.513,8.657
5.321,-3.363,8.259
5.337,-4.215,7.737
5.354,-5.052,7.106
5.371,-5.858,6.408
5.387,-6.582,5.630
5.404,-7.243,4.780
5.421,-7.868,3.855
5.437,-8.425,2.874
5.454,-8.889,1.878
5.471,-9.215,0.839
5.487,-9.477,-0.191
5.504,-9.651,-1.226
5.521,-9.726,-2.263
5.537,-9.724,-3.246
5.554,-9.622,-4.184
5.571,-9.428,-5.079
5.587,-9.170,-5.918
5.604,-8.703,-6.694
5.621,-8.180,-7.344
5.637,-7.573,-7.925
5.654,-7.840,-8.298
5.671,-6.559,-8.683
5.687,-5.869,-9.021
5.704,-5.085,-9.311
5.721,-4.256,-9.503
5.738,-3.353,-9.623
5.754,-2.469,-9.641
5.771,-1.507,-9.569
5.788,-0.582,-9.377
5.804,0.365,-9.114
5.821,1.341,-8.796
5.838,2.233,-8.340
5.854,3.122,-7.831
5.871,3.981,-7.241
5.888,4.774,-6.603
5.904,5.538,-5.895
5.921,6.257,-5.150
5.938,6.916,-4.359
5.954,7.431,-3.460
5.971,7.873,-2.540
5.988,8.264,-1.617
6.004,8.519,-0.634
6.021,8.615,0.408
6.038,8.366,1.513
6.054,8.451,2.421
6.071,8.374,3.325
6.088,8.262,4.155
6.104,8.033,4.934
6.121,7.587,5.613
6.138,7.157,6.298
6.154,6.720,6.957
6.171,6.179,7.581
6.188,5.554,8.123
6.205,4.873,8.582
6.221,4.134,8.964
6.238,3.340,9.237
6.255,2.537,9.441
6.271,1.694,9.555
6.288,0.817,9.554
6.305,-6.608E-2,9.471
6.321,-0.944,9.289
6.338,-1.788,9.033
6.355,-2.682,8.656
6.371,-3.516,8.212
6.388,-4.305,7.667
6.405,-5.080,7.032
6.421,-5.829,6.325
6.438,-6.496,5.539
6.455,-7.105,4.653
6.471,-7.676,3.699
6.488,-8.174,2.728
6.505,-8.566,1.693
6.521,-8.883,0.645
6.538,-9.087,-0.393
6.555,-9.275,-1.425
6.571,-9.295,-2.462
6.588,-9.258,-3.458
6.605,-9.087,-4.375
6.621,-8.896,-5.277
6.638,-8.599,-6.138
6.655,-8.175,-6.890
6.672,-8.493,-7.475
6.688,-7.965,-8.021
6.705,-6.755,-8.436
6.722,-6.210,-8.835
6.738,-5.473,-9.203
6.755,-4.688,-9.480
6.772,-3.845,-9.664
6.788,-2.964,-9.761
6.805,-2.112,-9.763
6.822,-1.195,-9.662
6.838,-0.305,-9.468
6.855,0.540,-9.158
6.872,1.453,-8.791
6.888,2.304,-8.303
6.905,3.174,-7.787
6.922,3.946,-7.181
6.938,4.710,-6.533
6.955,5.427,-5.789
6.972,6.091,-5.014
6.988,6.703,-4.208
7.005,7.170,-3.274
7.022,7.545,-2.313
7.038,7.859,-1.334
7.055,7.485,-0.107
7.072,7.681,0.867
7.088,7.760,1.829
7.105,7.948,2.710
7.122,7.948,3.582
7.139,7.816,4.447
7.155,7.534,5.216
7.172,7.116,5.901
7.189,6.671,6.580
7.205,6.179,7.223
7.222,5.644,7.822
7.239,5.028,8.348
7.255,4.384,8.796
7.272,3.700,9.167
7.289,2.934,9.427
7.305,2.159,9.598
7.322,1.327,9.667
7.339,0.481,9.634
7.355,-0.362,9.515
7.372,-1.192,9.325
7.389,-2.045,9.072
7.405,-2.866,8.672
7.422,-3.660,8.202
7.439,-4.422,7.618
7.455,-5.143,6.964
7.472,-5.856,6.223
7.489,-6.475,5.396
7.505,-7.053,4.495
7.522,-7.570,3.518
7.539,-8.020,2.506
7.555,-8.394,1.478
7.572,-8.644,0.404
7.589,-8.843,-0.643
7.606,-8.977,-1.706
7.622,-9.046,-2.744
7.639,-8.987,-3.740
7.656,-8.800,-4.688
7.672,-8.501,-5.567
7.689,-8.176,-6.408
7.706,-7.780,-7.119
7.722,-8.108,-7.705
7.739,-7.610,-8.222
7.756,-6.490,-8.662
7.772,-5.853,-9.064
7.789,-5.050,-9.437
7.806,-4.314,-9.703
7.822,-3.467,-9.892
7.839,-2.667,-9.958
7.856,-1.864,-9.899
7.872,-1.035,-9.768
7.889,-0.137,-9.565
7.906,0.710,-9.242
7.922,1.544,-8.830
7.939,2.333,-8.313
7.956,3.160,-7.758
7.972,3.876,-7.121
7.989,4.625,-6.438
8.006,5.306,-5.684
8.022,5.861,-4.859
8.039,6.457,-4.007
8.056,6.856,-3.061
8.073,7.223,-2.120
8.089,7.529,-1.134
8.106,7.740,-0.133
8.123,7.395,1.028
8.139,7.436,1.995
8.156,7.498,2.911
8.173,7.437,3.808
8.189,7.349,4.642
8.206,7.049,5.474
8.223,6.604,6.127
8.239,6.121,6.786
8.256,5.672,7.423
8.273,5.115,8.014
8.289,4.522,8.537
8.306,3.887,8.966
8.323,2.455,9.551
8.339,1.690,9.714
8.356,0.907,9.767
8.373,0.109,9.720
8.389,-0.705,9.581
8.406,-1.483,9.384
8.423,-2.277,9.082
8.439,-3.042,8.658
8.456,-3.761,8.186
8.473,-4.477,7.591
8.490,-5.176,6.930
8.506,-5.819,6.176
8.523,-6.400,5.329
8.540,-6.970,4.411
8.556,-7.490,3.439
8.573,-7.918,2.419
8.590,-8.285,1.369
8.606,-8.557,0.295
8.623,-8.715,-0.759
8.640,-8.753,-1.828
8.656,-8.693,-2.884
8.673,-8.627,-3.880
8.690,-8.438,-4.830
8.706,-8.236,-5.694
8.723,-8.463,-6.436
8.740,-8.085,-7.147
8.756,-7.646,-7.778
8.773,-7.049,-8.306
8.790,-5.865,-8.797
8.806,-5.274,-9.193
8.823,-4.638,-9.517
8.840,-3.913,-9.767
8.856,-3.140,-9.921
8.873,-2.363,-9.991
8.890,-1.615,-9.930
8.906,-0.786,-9.804
8.923,6.625E-2,-9.561
8.940,0.913,-9.237
8.957,1.678,-8.827
8.973,2.439,-8.309
8.990,3.171,-7.723
9.007,3.864,-7.091
9.023,4.521,-6.374
9.040,5.153,-5.598
9.057,5.696,-4.740
9.073,6.197,-3.890
9.090,6.578,-2.957
9.107,6.912,-1.979
9.123,7.179,-0.970
9.140,7.363,3.183E-2
9.157,6.931,1.198
9.173,7.048,2.158
9.190,7.013,3.101
9.207,7.007,3.975
9.223,6.811,4.863
9.240,6.558,5.683
9.257,6.173,6.372
9.273,5.692,7.010
9.290,5.211,7.596
9.307,4.671,8.178
9.323,4.082,8.688
9.340,3.454,9.089
9.357,2.773,9.408
9.373,2.069,9.648
9.390,1.337,9.784
9.407,0.589,9.809
9.424,-0.190,9.751
9.440,-0.964,9.597
9.457,-1.734,9.332
9.474,-2.513,9.024
9.490,-3.175,8.651
9.507,-3.924,8.126
9.524,-4.577,7.542
9.540,-5.198,6.849
9.557,-5.814,6.058
9.574,-6.359,5.204
9.590,-6.875,4.287
9.607,-7.329,3.295
9.624,-7.721,2.265
9.640,-8.035,1.181
9.657,-8.297,0.114
9.674,-8.413,-0.951
9.690,-8.468,-2.012
9.707,-8.462,-3.053
9.724,-8.404,-4.058
9.740,-8.205,-5.012
9.757,-8.338,-5.844
9.774,-8.036,-6.627
9.790,-7.664,-7.333
9.807,-7.211,-7.937
9.824,-6.679,-8.461
9.840,-5.536,-8.950
9.857,-4.933,-9.364
9.874,-4.301,-9.697
9.891,-3.603,-9.924
9.907,-2.903,-10.06
9.924,-2.173,-10.09
9.941,-1.407,-10.02
9.957,-0.493,-9.884
9.974,0.283,-9.623
9.991,1.053,-9.280
10.007,1.784,-8.854
10.024,2.476,-8.322
10.041,3.197,-7.716
10.057,3.791,-7.036
10.074,4.436,-6.323
10.091,5.043,-5.558
10.107,5.512,-4.666
10.124,5.978,-3.777
10.141,6.366,-2.876
10.157,6.639,-1.879
10.174,6.861,-0.833
10.191,6.985,0.187
10.207,6.597,1.328
10.224,6.672,2.281
10.241,6.560,3.227
10.257,6.567,4.136
10.274,6.361,5.026
10.291,6.059,5.826
10.307,5.622,6.444
10.324,5.166,7.107
10.341,4.689,7.719
10.358,4.155,8.295
10.374,3.583,8.782
10.391,2.976,9.191
10.408,2.330,9.503
10.424,1.634,9.714
10.441,0.941,9.843
10.458,0.210,9.849
10.474,-0.501,9.774
10.491,-1.229,9.606
10.508,-1.962,9.356
10.524,-2.686,9.045
10.541,-3.379,8.592
10.558,-3.955,8.105
10.574,-4.610,7.485
10.591,-5.192,6.790
10.608,-5.770,5.992
10.624,-6.270,5.127
10.641,-6.734,4.199
10.658,-7.160,3.200
10.674,-7.473,2.160
10.691,-7.761,1.069
10.708,-7.954,-1.369E-2
10.724,-8.060,-1.078
10.741,-8.095,-2.164
10.758,-8.084,-3.211
10.774,-8.326,-4.161
10.791,-8.165,-5.099
10.808,-7.933,-5.972
10.825,-7.569,-6.747
10.841,-7.182,-7.461
10.858,-5.974,-8.141
10.875,-5.638,-8.626
10.891,-5.007,-9.138
10.908,-4.437,-9.533
10.925,-3.848,-9.827
10.941,-3.202,-10.05
10.958,-2.515,-10.18
10.975,-1.849,-10.19
10.991,-1.126,-10.11
11.008,-0.399,-9.931
11.025,0.399,-9.663
11.041,1.098,-9.289
11.058,1.879,-8.880
11.075,2.506,-8.321
11.091,3.153,-7.707
11.108,3.759,-7.007
11.125,4.335,-6.294
11.141,4.829,-5.478
11.158,5.293,-4.595
11.175,5.697,-3.675
11.191,6.037,-2.752
11.208,6.336,-1.773
11.225,6.517,-0.745
11.241,6.583,0.282
11.258,6.111,1.452
11.275,6.141,2.424
11.292,6.316,3.318
11.308,6.051,4.284
11.325,5.930,5.133
11.342,5.592,5.938
11.358,5.072,6.560
11.375,4.646,7.199
11.392,4.196,7.832
11.408,3.681,8.415
11.425,3.098,8.883
11.442,2.515,9.281
11.458,1.879,9.591
11.475,1.222,9.778
11.492,0.569,9.897
11.508,-0.125,9.898
11.525,-0.834,9.831
11.542,-1.537,9.645
11.558,-2.200,9.376
11.575,-2.897,9.017
11.592,-3.538,8.571
11.608,-4.107,8.064
11.625,-4.692,7.464
11.642,-5.212,6.749
11.658,-5.722,5.956
11.675,-6.203,5.089
11.692,-6.595,4.140
11.709,-6.960,3.140
11.725,-7.280,2.093
11.742,-7.524,1.025
11.759,-7.728,-4.367E-2
11.775,-7.855,-1.124
11.792,-8.130,-2.173
11.809,-8.081,-3.213
11.825,-8.016,-4.223
11.842,-7.835,-5.158
11.859,-7.554,-6.010
11.875,-7.232,-6.796
11.892,-6.848,-7.466
11.909,-6.435,-8.115
11.925,-5.922,-8.668
11.942,-5.433,-9.152
11.959,-4.219,-9.508
11.975,-3.541,-9.835
11.992,-2.890,-10.05
12.009,-2.182,-10.18
12.025,-1.525,-10.19
12.042,-0.827,-10.09
12.059,-0.188,-9.888
12.075,0.510,-9.609
12.092,1.271,-9.249
12.109,1.884,-8.800
12.125,2.456,-8.223
12.142,3.169,-7.626
12.159,3.679,-6.930
12.176,4.211,-6.194
12.192,4.663,-5.368
12.209,5.140,-4.523
12.226,5.475,-3.601
12.242,5.756,-2.613
12.259,6.006,-1.641
12.276,6.167,-0.613
12.292,6.252,0.404
12.309,5.771,1.575
12.326,5.784,2.552
12.342,5.692,3.506
12.359,5.621,4.413
12.376,5.442,5.271
12.392,5.068,6.042
12.409,4.654,6.742
12.426,4.146,7.320
12.442,3.691,7.941
12.459,3.186,8.511
12.476,2.628,8.971
12.492,2.042,9.352
12.509,1.432,9.643
12.526,0.784,9.835
12.542,0.128,9.910
12.559,-0.552,9.919
12.576,-1.224,9.798
12.592,-1.889,9.603
12.609,-2.581,9.308
12.626,-3.244,8.927
12.643,-3.885,8.461
12.659,-4.495,7.905
12.676,-4.947,7.306
12.693,-5.476,6.570
12.709,-5.984,5.758
12.726,-6.446,4.868
12.743,-6.878,3.907
12.759,-7.230,2.878
12.776,-7.582,1.829
12.793,-7.781,0.740
12.809,-8.054,-0.330
12.826,-8.183,-1.426
12.843,-8.184,-2.486
12.859,-8.111,-3.501
12.876,-7.981,-4.476
12.893,-7.795,-5.402
12.909,-7.528,-6.248
12.926,-7.188,-7.020
12.943,-6.782,-7.697
12.959,-6.349,-8.333
12.976,-5.193,-8.799
12.993,-4.634,-9.290
13.009,-3.981,-9.669
13.026,-3.334,-9.963
13.043,-2.685,-10.18
13.059,-2.039,-10.28
13.076,-1.341,-10.28
13.093,-0.643,-10.16
13.110,5.188E-2,-9.950
13.126,0.698,-9.636
13.143,1.432,-9.239
13.160,1.993,-8.738
13.176,2.727,-8.206
13.193,3.319,-7.565
13.210,3.826,-6.866
13.226,4.297,-6.081
13.243,4.750,-5.260
13.260,5.155,-4.402
13.276,5.485,-3.455
13.293,5.740,-2.462
13.310,5.869,-1.436
13.326,5.481,-0.260
13.343,5.475,0.758
13.360,5.498,1.778
13.376,5.542,2.736
13.393,5.468,3.685
13.410,5.353,4.571
13.426,5.102,5.449
13.443,4.745,6.250
13.460,4.326,6.969
13.476,3.783,7.557
13.493,3.323,8.205
13.510,2.799,8.763
13.526,2.226,9.216
13.543,1.646,9.576
13.560,1.020,9.858
13.577,0.382,10.03
13.593,-0.262,10.10
13.610,-0.968,10.08
13.627,-1.660,9.958
13.643,-2.305,9.758
13.660,-2.884,9.481
13.677,-3.529,9.075
13.693,-4.093,8.581
13.710,-4.687,8.000
13.727,-5.251,7.312
13.743,-5.784,6.557
13.760,-6.561,5.688
13.777,-7.025,4.779
13.793,-7.409,3.804
13.810,-7.762,2.782
13.827,-8.006,1.737
13.843,-8.193,0.693
13.860,-8.314,-0.389
13.877,-8.335,-1.456
13.893,-8.292,-2.483
13.910,-8.162,-3.483
13.927,-7.957,-4.443
13.943,-7.699,-5.322
13.960,-7.377,-6.142
13.977,-6.988,-6.907
13.993,-6.555,-7.603
14.010,-6.084,-8.244
14.027,-5.552,-8.826
14.044,-4.928,-9.276
14.060,-4.351,-9.673
14.077,-3.691,-9.931
14.094,-3.024,-10.11
14.110,-2.320,-10.19
14.127,-1.700,-10.17
14.144,-1.036,-10.05
14.160,-0.368,-9.796
14.177,0.275,-9.468
14.194,0.945,-9.026
14.210,1.524,-8.506
14.227,2.039,-7.921
14.244,2.497,-7.274
14.260,2.993,-6.497
14.277,3.451,-5.665
14.294,3.750,-4.819
14.310,4.094,-3.858
14.327,4.362,-2.882
14.344,4.538,-1.899
14.360,4.694,-0.880
14.377,4.808,0.155
14.394,4.882,1.181
14.410,4.876,2.160
14.427,4.861,3.129
14.444,4.759,4.082
14.461,4.617,4.989
14.477,4.436,5.838
14.494,4.166,6.619
14.511,4.015,7.334
14.527,3.451,7.991
14.544,3.010,8.587
14.561,2.490,9.101
14.577,1.926,9.515
14.594,1.314,9.852
14.611,0.684,10.08
14.627,2.750E-2,10.21
14.644,-0.624,10.25
14.661,-1.300,10.22
14.677,-1.969,10.06
14.694,-2.624,9.805
14.711,-3.259,9.484
14.727,-3.907,9.040
14.744,-4.466,8.508
14.761,-5.061,7.895
14.777,-5.597,7.187
14.794,-6.338,6.392
14.811,-6.810,5.526
14.827,-7.226,4.593
14.844,-7.545,3.616
14.861,-7.800,2.603
14.877,-7.992,1.569
14.894,-8.150,0.513
14.911,-8.216,-0.533
14.928,-8.210,-1.566
14.944,-8.140,-2.589
14.961,-7.965,-3.568
14.978,-7.744,-4.520
14.994,-7.437,-5.386
15.011,-7.085,-6.235
15.028,-6.670,-6.984
15.044,-6.209,-7.688
15.061,-5.650,-8.287
15.078,-5.122,-8.817
15.094,-4.078,-9.210
15.111,-3.599,-9.573
15.128,-3.053,-9.851
15.144,-2.410,-10.01
15.161,-1.822,-10.08
15.178,-1.122,-10.03
15.194,-0.341,-9.836
15.211,0.144,-9.624
15.228,0.846,-9.250
15.244,1.322,-8.850
15.261,2.001,-8.285
15.278,2.437,-7.688
15.294,2.982,-6.994
15.311,3.384,-6.215
15.328,3.674,-5.425
15.344,4.009,-4.530
15.361,4.243,-3.621
15.378,4.450,-2.643
15.395,4.588,-1.678
15.411,4.704,-0.649
15.428,4.805,0.374
15.445,4.827,1.362
15.461,4.823,2.363
15.478,4.738,3.307
15.495,4.611,4.235
15.511,4.465,5.108
15.528,4.200,5.940
15.545,3.930,6.707
15.561,3.610,7.422
15.578,3.201,8.069
15.595,2.678,8.645
15.611,2.067,9.118
15.628,1.470,9.506
15.645,0.864,9.806
15.661,0.209,10.00
15.678,-0.433,10.13
15.695,-1.094,10.15
15.711,-1.758,10.07
15.728,-2.390,9.888
15.745,-3.040,9.629
15.761,-3.647,9.278
15.778,-4.244,8.834
15.795,-4.824,8.280
15.811,-5.352,7.660
15.828,-5.919,6.932
15.845,-6.542,6.128
15.862,-7.011,5.232
15.878,-7.391,4.280
15.895,-7.710,3.300
15.912,-7.895,2.282
15.928,-8.082,1.237
15.945,-8.157,0.194
15.962,-8.157,-0.841
15.978,-8.107,-1.873
15.995,-7.976,-2.879
16.012,-7.783,-3.844
16.028,-7.499,-4.784
16.045,-7.148,-5.634
16.062,-6.745,-6.447
16.078,-6.331,-7.189
16.095,-5.833,-7.852
16.112,-5.291,-8.446
16.128,-4.723,-8.948
16.145,-3.536,-9.278
16.162,-3.322,-9.664
16.178,-2.582,-9.869
16.195,-1.915,-9.989
16.212,-1.323,-10.05
16.228,-0.305,-9.931
16.245,0.358,-9.763
16.262,1.123,-9.530
16.278,1.686,-9.160
16.295,2.496,-8.751
16.312,3.056,-8.243
16.329,3.614,-7.650
16.345,4.057,-6.945
16.362,4.474,-6.216
16.379,4.861,-5.392
16.395,5.140,-4.498
16.412,5.402,-3.597
16.429,5.586,-2.652
16.445,5.758,-1.676
16.462,5.753,-0.655
16.479,5.791,0.326
16.495,5.233,1.451
16.512,5.044,2.443
16.529,5.011,3.365
16.545,4.871,4.266
16.562,4.649,5.133
16.579,4.357,5.950
16.595,3.892,6.718
16.612,3.391,7.419
16.629,2.869,8.042
16.645,2.315,8.578
16.662,1.728,9.062
16.679,1.099,9.439
16.695,0.452,9.696
16.712,-0.198,9.879
16.729,-0.856,9.974
16.745,-1.494,9.973
16.762,-2.144,9.858
16.779,-2.788,9.662
16.796,-3.407,9.389
16.812,-3.960,9.028
16.829,-4.519,8.554
16.846,-5.033,7.991
16.862,-5.500,7.363
16.879,-5.961,6.643
16.896,-6.374,5.865
16.912,-6.709,5.005
16.929,-7.008,4.069
16.946,-7.537,3.086
16.962,-7.789,2.059
16.979,-7.914,1.019
16.996,-7.957,-1.378E-2
17.012,-7.929,-1.042
17.029,-7.859,-2.047
17.046,-7.683,-3.038
17.062,-7.471,-3.982
17.079,-7.165,-4.867
17.096,-6.806,-5.691
17.112,-6.363,-6.474
17.129,-5.122,-7.170
17.146,-4.615,-7.829
17.162,-4.048,-8.404
17.179,-3.462,-8.880
17.196,-2.830,-9.307
17.213,-2.178,-9.627
17.229,-1.554,-9.834
17.246,-0.847,-9.953
17.263,-0.214,-9.965
17.279,0.469,-9.887
17.296,1.106,-9.694
17.313,1.737,-9.434
17.329,2.308,-9.057
17.346,2.892,-8.605
17.363,3.381,-8.094
17.379,3.860,-7.494
17.396,4.322,-6.846
17.413,4.699,-6.087
17.429,5.032,-5.277
17.446,5.310,-4.391
17.463,5.539,-3.498
17.479,5.669,-2.540
17.496,5.736,-1.562
17.513,5.742,-0.558
17.529,5.176,0.560
17.546,5.053,1.544
17.563,4.935,2.514
17.579,4.817,3.425
17.596,4.636,4.323
17.613,4.353,5.176
17.629,3.956,5.974
17.646,3.428,6.706
17.663,2.829,7.258
17.680,2.267,7.815
17.696,1.701,8.330
17.713,1.131,8.772
17.730,0.514,9.096
17.746,-0.123,9.362
17.763,-0.770,9.546
17.780,-1.413,9.613
17.796,-2.045,9.615
17.813,-2.682,9.491
17.830,-3.286,9.305
17.846,-3.880,8.988
17.863,-4.406,8.645
17.880,-4.923,8.184
17.896,-5.407,7.612
17.913,-5.822,7.002
17.930,-6.233,6.287
17.946,-6.618,5.485
17.963,-6.923,4.617
17.980,-7.173,3.674
17.996,-7.379,2.703
18.013,-7.557,1.679
18.030,-7.639,0.640
18.046,-7.715,-0.401
18.063,-7.701,-1.419
18.080,-7.627,-2.440
18.096,-7.453,-3.408
18.113,-7.201,-4.313
18.130,-6.885,-5.204
18.147,-6.496,-6.027
18.163,-6.054,-6.785
18.180,-5.564,-7.462
18.197,-5.045,-8.105
18.213,-4.460,-8.626
18.230,-3.834,-9.064
18.247,-2.531,-9.373
18.263,-1.876,-9.648
18.280,-1.207,-9.838
18.297,-0.558,-9.921
18.313,0.129,-9.922
18.330,0.754,-9.804
18.347,1.391,-9.607
18.363,2.039,-9.311
18.380,2.594,-8.920
18.397,3.144,-8.467
18.413,3.598,-7.923
18.430,4.096,-7.331
18.447,4.492,-6.639
18.463,4.899,-5.920
18.480,5.222,-5.112
18.497,5.464,-4.229
18.513,5.629,-3.321
18.530,5.698,-2.363
18.547,5.735,-1.402
18.563,5.716,-0.392
18.580,5.571,0.604
18.597,5.051,1.683
18.614,4.901,2.615
18.630,4.687,3.511
18.647,4.406,4.408
18.664,4.075,5.237
18.680,3.617,6.015
18.697,3.113,6.702
18.714,2.505,7.304
18.730,1.929,7.854
18.747,1.356,8.355
18.764,0.763,8.764
18.780,0.129,9.082
18.797,-0.514,9.326
18.814,-1.138,9.486
18.830,-1.767,9.531
18.847,-2.407,9.487
18.864,-3.033,9.368
18.880,-3.612,9.155
18.897,-4.192,8.845
18.914,-4.730,8.453
18.930,-5.213,7.973
18.947,-5.658,7.418
18.964,-6.072,6.779
18.980,-6.442,6.053
18.997,-6.754,5.245
19.014,-7.026,4.356
19.030,-7.209,3.417
19.047,-7.402,2.439
19.064,-7.471,1.434
19.081,-7.548,0.408
19.097,-7.689,-0.593
19.114,-7.596,-1.593
19.131,-7.440,-2.595
19.147,-7.209,-3.550
19.164,-6.935,-4.434
19.181,-6.586,-5.301
19.197,-6.167,-6.113
19.214,-5.685,-6.835
19.231,-5.169,-7.508
19.247,-4.601,-8.093
19.264,-4.007,-8.596
19.281,-2.737,-8.981
19.297,-2.132,-9.322
19.314,-1.510,-9.580
19.331,-0.808,-9.758
19.347,-8.454E-2,-9.827
19.364,0.562,-9.801
19.381,1.217,-9.691
19.397,1.820,-9.459
19.414,2.399,-9.149
19.431,2.947,-8.763
19.447,3.478,-8.280
19.464,3.941,-7.728
19.481,4.384,-7.129
19.497,4.779,-6.447
19.514,5.119,-5.733
19.531,5.381,-4.888
19.548,5.580,-4.003
19.564,5.704,-3.102
19.581,5.743,-2.143
19.598,5.739,-1.173
19.614,5.674,-0.193
19.631,5.530,0.805
19.648,4.939,1.870
19.664,4.804,2.780
19.681,4.476,3.670
19.698,4.278,4.521
19.714,3.864,5.348
19.731,3.367,6.098
19.748,2.831,6.802
19.764,2.199,7.354
19.781,1.613,7.920
19.798,1.018,8.401
19.814,0.386,8.785
19.831,-0.260,9.057
19.848,-0.872,9.261
19.864,-1.528,9.392
19.881,-2.154,9.410
19.898,-2.801,9.345
19.914,-3.411,9.206
19.931,-3.984,8.984
19.948,-4.514,8.657
19.965,-5.034,8.219
19.981,-5.468,7.794
19.998,-5.908,7.211
20.015,-6.310,6.542
20.031,-6.635,5.817
20.048,-6.918,5.005
20.065,-7.171,4.118
20.081,-7.365,3.170
20.098,-7.495,2.202
20.115,-7.573,1.209
20.131,-7.703,0.203
20.148,-7.690,-0.793
20.165,-7.559,-1.785
20.181,-7.355,-2.757
20.198,-7.101,-3.684
20.215,-6.780,-4.589
20.231,-6.389,-5.427
20.248,-5.944,-6.212
20.265,-5.438,-6.904
20.281,-4.901,-7.566
20.298,-4.338,-8.131
20.315,-3.699,-8.604
20.331,-3.089,-9.015
20.348,-2.416,-9.355
20.365,-1.054,-9.532
20.381,-0.396,-9.674
20.398,0.272,-9.720
20.415,0.918,-9.669
20.432,1.567,-9.535
20.448,2.154,-9.289
20.465,2.676,-8.968
20.482,3.263,-8.568
20.498,3.800,-8.104
20.515,4.208,-7.539
20.532,4.631,-6.917
20.548,4.964,-6.239
20.565,5.325,-5.457
20.582,5.520,-4.624
20.598,5.661,-3.721
20.615,5.771,-2.817
20.632,5.791,-1.874
20.648,5.721,-0.910
20.665,4.984,0.218
20.682,4.842,1.162
20.698,4.706,2.091
20.715,4.470,3.002
20.732,4.290,3.869
20.748,3.974,4.707
20.765,3.573,5.522
20.782,3.081,6.267
20.798,2.549,6.937
20.815,1.913,7.495
20.832,1.247,7.990
20.848,0.624,8.419
20.865,-2.133E-2,8.801
20.882,-0.645,9.099
20.899,-1.277,9.285
20.915,-1.902,9.395
20.932,-2.534,9.418
20.949,-3.152,9.311
20.965,-3.739,9.163
20.982,-4.320,8.910
20.999,-4.821,8.581
21.015,-5.337,8.137
21.032,-5.781,7.629
21.049,-6.182,7.041
21.065,-6.538,6.384
21.082,-6.861,5.621
21.099,-7.119,4.801
21.115,-7.364,3.920
21.132,-7.570,2.977
21.149,-7.691,2.011
21.165,-7.769,1.024
21.182,-7.808,3.405E-2
21.199,-7.701,-0.955
21.215,-7.570,-1.911
21.232,-7.308,-2.852
21.249,-6.988,-3.758
21.265,-6.608,-4.648
21.282,-6.198,-5.461
21.299,-5.699,-6.221
21.315,-5.179,-6.893
21.332,-4.594,-7.532
21.349,-4.017,-8.091
21.366,-3.363,-8.541
21.382,-2.711,-8.928
21.399,-2.072,-9.236
21.416,-1.403,-9.432
21.432,-5.751E-2,-9.506
21.449,0.608,-9.528
21.466,1.250,-9.478
21.482,1.850,-9.306
21.499,2.491,-9.078
21.516,3.067,-8.754
21.532,3.558,-8.339
21.549,4.026,-7.847
21.566,4.482,-7.303
21.582,4.848,-6.682
21.599,5.171,-5.975
21.616,5.432,-5.198
21.632,5.599,-4.369
21.649,5.751,-3.517
21.666,5.804,-2.618
21.682,5.747,-1.660
21.699,5.624,-0.690
21.716,4.976,0.413
21.732,4.848,1.321
21.749,4.596,2.260
21.766,4.341,3.132
21.782,4.164,3.975
21.799,3.781,4.814
21.816,3.364,5.593
21.833,2.836,6.329
21.849,2.252,6.969
21.866,1.665,7.543
21.883,0.945,7.997
21.899,0.344,8.428
21.916,-0.303,8.770
21.933,-0.948,9.040
21.949,-1.597,9.216
21.966,-2.240,9.271
21.983,-2.867,9.265
21.999,-3.473,9.154
22.016,-4.046,8.975
22.033,-4.611,8.700
22.049,-5.122,8.358
22.066,-5.565,7.945
22.083,-6.001,7.429
22.099,-6.393,6.827
22.116,-6.710,6.140
22.133,-6.956,5.378
22.149,-7.203,4.558
22.166,-7.391,3.687
22.183,-7.534,2.762
22.199,-7.617,1.801
22.216,-7.674,0.823
22.233,-7.736,-0.137
22.249,-7.572,-1.110
22.266,-7.387,-2.059
22.283,-7.114,-2.981
22.300,-6.785,-3.861
22.316,-6.373,-4.720
22.333,-5.919,-5.516
22.350,-5.407,-6.260
22.366,-4.854,-6.919
22.383,-4.197,-7.499
22.400,-3.014,-7.996
22.416,-2.308,-8.448
22.433,-1.658,-8.816
22.450,-1.013,-9.093
22.466,-0.358,-9.282
22.483,0.364,-9.396
22.500,1.010,-9.403
22.516,1.714,-9.336
22.533,2.276,-9.160
22.550,2.858,-8.903
22.566,3.401,-8.553
22.583,3.834,-8.129
22.600,4.296,-7.642
22.616,4.682,-7.061
22.633,5.057,-6.432
22.650,5.348,-5.730
22.666,5.542,-4.945
22.683,5.671,-4.116
22.700,5.785,-3.265
22.717,5.815,-2.362
22.733,5.785,-1.454
22.750,5.147,-0.353
22.767,4.959,0.578
22.783,4.797,1.489
22.800,4.532,2.409
22.817,4.280,3.256
22.833,3.961,4.097
22.850,3.529,4.929
22.867,3.062,5.708
22.883,2.548,6.416
22.900,1.976,7.061
22.917,1.375,7.638
22.933,0.731,8.150
22.950,9.878E-2,8.562
22.967,-0.539,8.912
22.983,-1.200,9.153
23.000,-1.844,9.331
23.017,-2.486,9.396
23.033,-3.123,9.360
23.050,-3.725,9.247
23.067,-4.298,9.048
23.083,-4.836,8.755
23.100,-5.341,8.373
23.117,-5.793,7.903
23.133,-6.237,7.377
23.150,-6.618,6.735
23.167,-6.962,6.065
23.184,-7.221,5.303
23.200,-7.806,4.466
23.217,-7.959,3.593
23.234,-8.057,2.673
23.250,-8.050,1.729
23.267,-7.995,0.775
23.284,-7.871,-0.167
23.300,-7.675,-1.129
23.317,-7.409,-2.054
23.334,-7.083,-2.956
23.350,-6.703,-3.797
23.367,-6.236,-4.669
23.384,-5.721,-5.443
23.400,-5.203,-6.172
23.417,-4.615,-6.817
23.434,-3.985,-7.407
23.450,-3.360,-7.955
23.467,-2.720,-8.408
23.484,-2.037,-8.758
23.500,-0.747,-8.963
23.517,-3.754E-2,-9.145
23.534,0.625,-9.230
23.550,1.258,-9.224
23.567,1.905,-9.109
23.584,2.510,-8.930
23.600,3.093,-8.643
23.617,3.571,-8.285
23.634,4.116,-7.894
23.651,4.521,-7.382
23.667,4.914,-6.823
23.684,5.232,-6.189
23.701,5.476,-5.480
23.717,5.671,-4.702
23.734,5.814,-3.906
23.751,5.877,-3.064
23.767,5.871,-2.164
23.784,5.782,-1.256
23.801,5.578,-0.304
23.817,4.902,0.748
23.834,4.668,1.642
23.851,4.389,2.542
23.867,4.097,3.386
23.884,3.821,4.204
23.901,3.305,4.993
23.917,2.832,5.739
23.934,2.273,6.398
23.951,1.659,7.003
23.967,0.977,7.521
23.984,0.303,7.969
24.001,-0.392,8.335
24.017,-1.034,8.637
24.034,-1.684,8.843
24.051,-2.332,8.958
24.067,-2.964,9.001
24.084,-3.560,8.945
24.101,-4.150,8.805
24.118,-4.713,8.586
24.134,-5.231,8.337
24.151,-5.678,7.971
24.168,-6.094,7.531
24.184,-6.476,6.989
24.201,-6.800,6.359
24.218,-7.097,5.654
24.234,-7.321,4.879
24.251,-7.492,4.059
24.268,-7.617,3.195
24.284,-7.699,2.290
24.301,-7.825,1.356
24.318,-7.765,0.398
24.334,-7.643,-0.530
24.351,-7.446,-1.462
24.368,-7.174,-2.367
24.384,-6.846,-3.266
24.401,-6.443,-4.103
24.418,-5.984,-4.906
24.434,-5.448,-5.657
24.451,-4.880,-6.349
24.468,-4.266,-6.961
24.484,-3.649,-7.498
24.501,-3.019,-7.983
24.518,-1.674,-8.338
24.534,-0.958,-8.673
24.551,-0.266,-8.924
24.568,0.393,-9.062
24.585,1.041,-9.118
24.601,1.684,-9.088
24.618,2.325,-8.983
24.635,2.901,-8.793
24.651,3.493,-8.523
24.668,3.938,-8.161
24.685,4.374,-7.709
24.701,4.803,-7.218
24.718,5.149,-6.638
24.735,5.432,-5.972
24.751,5.669,-5.268
24.768,5.823,-4.484
24.785,5.908,-3.685
24.801,5.956,-2.835
24.818,5.865,-1.955
24.835,5.763,-1.040
24.851,4.983,5.287E-2
24.868,4.721,0.957
24.885,4.513,1.835
24.901,4.264,2.700
24.918,3.914,3.539
24.935,3.577,4.330
24.951,3.080,5.107
24.968,2.559,5.815
24.985,1.985,6.470
25.001,1.364,7.036
25.018,0.716,7.549
25.035,6.079E-2,7.995
25.052,-0.591,8.385
25.068,-1.245,8.648
25.085,-1.886,8.847
25.102,-2.599,8.919
25.118,-3.229,8.937
25.135,-3.855,8.874
25.152,-4.430,8.733
25.168,-4.954,8.499
25.185,-5.468,8.175
25.202,-5.910,7.780
25.218,-6.341,7.299
25.235,-6.713,6.741
25.252,-7.007,6.110
25.268,-7.249,5.392
25.285,-7.465,4.625
25.302,-7.654,3.802
25.318,-7.782,2.949
25.335,-7.858,2.058
25.352,-7.912,1.122
25.368,-7.807,0.190
25.385,-7.597,-0.729
25.402,-7.363,-1.629
25.418,-7.068,-2.497
25.435,-6.705,-3.372
25.452,-6.290,-4.201
25.469,-5.790,-4.991
25.485,-5.229,-5.705
25.502,-4.662,-6.366
25.519,-4.029,-6.955
25.535,-3.387,-7.482
25.552,-2.733,-7.941
25.569,-2.018,-8.307
25.585,-0.621,-8.570
25.602,7.634E-2,-8.796
25.619,0.737,-8.923
25.635,1.380,-8.957
25.652,2.045,-8.918
25.669,2.621,-8.795
25.685,3.203,-8.594
25.702,3.764,-8.319
25.719,4.222,-7.926
25.735,4.658,-7.495
25.752,5.050,-6.978
25.769,5.364,-6.398
25.785,5.628,-5.741
25.802,5.828,-5.045
25.819,5.944,-4.280
25.835,6.010,-3.453
25.852,6.008,-2.617
25.869,5.928,-1.762
25.885,5.794,-0.840
25.902,5.546,5.684E-2
25.919,5.293,0.970
25.936,4.952,1.871
25.952,4.433,2.769
25.969,3.975,3.608
25.986,3.533,4.403
26.002,2.992,5.163
26.019,2.412,5.866
26.036,1.828,6.493
26.052,1.183,7.067
26.069,0.531,7.564
26.086,-0.142,7.996
26.102,-0.849,8.318
26.119,-1.501,8.582
26.136,-2.202,8.757
26.152,-2.858,8.826
26.169,-3.489,8.805
26.186,-4.093,8.742
26.202,-4.661,8.578
26.219,-5.181,8.333
26.236,-5.681,7.996
26.252,-6.136,7.597
26.269,-6.541,7.092
26.286,-6.859,6.519
26.302,-7.143,5.876
26.319,-7.348,5.177
26.336,-7.522,4.390
26.352,-7.643,3.562
26.369,-7.682,2.715
26.386,-7.707,1.822
26.403,-7.624,0.929
26.419,-7.652,1.913E-2
26.436,-7.479,-0.886
26.453,-7.211,-1.778
26.469,-6.838,-2.619
26.486,-6.443,-3.457
26.503,-5.996,-4.261
26.519,-5.471,-5.038
26.536,-4.916,-5.743
26.553,-4.327,-6.373
26.569,-3.684,-6.921
26.586,-3.026,-7.440
26.603,-1.855,-7.835
26.619,-0.941,-8.206
26.636,-0.291,-8.467
26.653,0.385,-8.670
26.669,1.035,-8.771
26.686,1.696,-8.804
26.703,2.387,-8.752
26.719,2.962,-8.610
26.736,3.535,-8.410
26.753,4.051,-8.099
26.769,4.507,-7.710
26.786,4.896,-7.254
26.803,5.254,-6.728
26.819,5.569,-6.143
26.836,5.802,-5.492
26.853,5.958,-4.790
26.870,6.054,-4.023
26.886,6.105,-3.231
26.903,6.053,-2.391
26.920,5.897,-1.505
26.936,5.699,-0.601
26.953,5.406,0.313
26.970,4.680,1.288
26.986,4.386,2.130
27.003,4.021,2.966
27.020,3.733,3.743
27.036,3.257,4.514
27.053,2.751,5.239
27.070,2.135,5.928
27.086,1.492,6.546
27.103,0.854,7.093
27.120,0.199,7.544
27.136,-0.501,7.946
27.153,-1.151,8.261
27.170,-1.841,8.480
27.186,-2.507,8.644
27.203,-3.151,8.714
27.220,-3.781,8.693
27.236,-4.368,8.589
27.253,-4.946,8.400
27.270,-5.461,8.133
27.286,-5.933,7.800
27.303,-6.373,7.363
27.320,-6.745,6.852
27.337,-7.074,6.266
27.353,-7.345,5.616
27.370,-7.517,4.916
27.387,-7.676,4.142
27.403,-7.739,3.311
27.420,-7.775,2.477
27.437,-7.788,1.608
27.453,-7.819,0.716
27.470,-7.670,-0.179
27.487,-7.448,-1.053
27.503,-7.170,-1.935
27.520,-6.791,-2.746
27.537,-6.347,-3.572
27.553,-5.828,-4.343
27.570,-5.302,-5.089
27.587,-4.730,-5.773
27.603,-4.126,-6.380
27.620,-3.453,-6.932
27.637,-2.767,-7.402
27.653,-2.045,-7.799
27.670,-0.662,-8.105
27.687,1.334E-2,-8.369
27.703,0.746,-8.555
27.720,1.384,-8.631
27.737,2.017,-8.639
27.753,2.636,-8.570
27.770,3.233,-8.407
27.787,3.785,-8.172
27.804,4.306,-7.878
27.820,4.746,-7.504
27.837,5.142,-7.042
27.854,5.465,-6.517
27.870,5.719,-5.919
27.887,5.945,-5.266
27.904,6.063,-4.567
27.920,6.129,-3.795
27.937,6.156,-3.007
27.954,6.068,-2.178
27.970,5.940,-1.332
27.987,5.703,-0.434
28.004,5.454,0.426
28.020,5.073,1.321
28.037,4.690,2.166
28.054,4.216,3.001
28.070,3.750,3.786
28.087,3.192,4.553
28.104,2.600,5.268
28.120,1.970,5.950
28.137,1.317,6.526
28.154,0.663,7.038
28.170,-2.615E-2,7.480
28.187,-0.735,7.859
28.204,-1.410,8.145
28.221,-2.090,8.357
28.237,-2.789,8.489
28.254,-3.429,8.532
28.271,-4.069,8.493
28.287,-4.663,8.368
28.304,-5.202,8.175
28.321,-5.715,7.886
28.337,-6.181,7.542
28.354,-6.572,7.101
28.371,-6.936,6.581
28.387,-7.252,6.005
28.404,-7.476,5.351
28.421,-7.652,4.644
28.437,-7.779,3.876
28.454,-7.847,3.064
28.471,-7.842,2.227
28.487,-7.796,1.353
28.504,-7.757,0.498
28.521,-7.668,-0.366
28.537,-7.415,-1.232
28.554,-7.069,-2.073
28.571,-6.688,-2.903
28.587,-6.227,-3.686
28.604,-5.714,-4.458
28.621,-5.153,-5.173
28.637,-4.529,-5.831
28.654,-3.897,-6.395
28.671,-3.245,-6.913
28.688,-2.529,-7.373
28.704,-1.813,-7.767
28.721,-0.430,-8.012
28.738,0.281,-8.253
28.754,0.971,-8.409
28.771,1.627,-8.469
28.788,2.314,-8.473
28.804,2.909,-8.377
28.821,3.454,-8.204
28.838,3.968,-7.964
28.854,4.467,-7.642
28.871,4.904,-7.258
28.888,5.301,-6.789
28.904,5.649,-6.268
28.921,5.908,-5.682
28.938,6.048,-5.009
28.954,6.159,-4.305
28.971,6.175,-3.531
28.988,6.184,-2.786
29.004,6.080,-1.941
29.021,5.901,-1.110
29.038,5.641,-0.234
29.054,5.344,0.610
29.071,4.997,1.456
29.088,4.563,2.296
29.104,4.044,3.129
29.121,3.496,3.900
29.138,2.940,4.628
29.155,2.315,5.322
29.171,1.657,5.966
29.188,1.036,6.524
29.205,0.374,7.013
29.221,-0.333,7.425
29.238,-1.065,7.745
29.255,-1.765,8.001
29.271,-2.449,8.193
29.288,-3.120,8.303
29.305,-3.754,8.321
29.321,-4.382,8.272
29.338,-4.944,8.141
29.355,-5.483,7.937
29.371,-5.967,7.641
29.388,-6.423,7.272
29.405,-6.812,6.824
29.421,-7.150,6.305
29.438,-7.432,5.711
29.455,-7.639,5.061
29.471,-7.777,4.347
29.488,-7.894,3.583
29.505,-7.904,2.777
29.521,-7.852,1.948
29.538,-7.789,1.090
29.555,-7.816,0.256
29.571,-7.595,-0.592
29.588,-7.310,-1.429
29.605,-6.938,-2.254
29.622,-6.538,-3.064
29.638,-6.045,-3.836
29.655,-5.495,-4.573
29.672,-4.930,-5.262
29.688,-4.300,-5.878
29.705,-3.676,-6.457
29.722,-2.994,-6.950
29.738,-2.321,-7.399
29.755,-1.628,-7.755
29.772,-0.928,-8.050
29.788,-0.249,-8.244
29.805,0.481,-8.341
29.822,1.133,-8.381
29.838,1.764,-8.315
29.855,2.335,-8.217
29.872,2.852,-8.022
29.888,3.290,-7.756
29.905,3.652,-7.436
29.922,4.037,-7.020
29.938,4.347,-6.524
29.955,4.631,-5.956
29.972,4.854,-5.316
29.988,4.985,-4.641
30.005,5.057,-3.910
30.022,5.091,-3.161
30.038,5.048,-2.370
30.055,4.959,-1.557
30.072,4.793,-0.743
30.089,4.599,8.539E-2
30.105,4.359,0.905
30.122,4.040,1.721
30.139,3.678,2.508
30.155,3.271,3.283
30.172,2.818,4.007
30.189,2.293,4.702
30.205,1.730,5.350
30.222,1.154,5.957
30.239,0.542,6.486
30.255,-9.355E-2,6.937
30.272,-0.796,7.336
30.289,-1.487,7.656
30.305,-2.197,7.902
30.322,-2.852,8.093
30.339,-3.510,8.174
30.355,-4.157,8.172
30.372,-4.752,8.102
30.389,-5.337,7.959
30.405,-5.847,7.741
30.422,-6.347,7.431
30.439,-6.777,7.040
30.455,-7.140,6.581
30.472,-7.460,6.062
30.489,-7.729,5.455
30.505,-7.914,4.803
30.522,-8.056,4.093
30.539,-8.121,3.337
30.556,-8.116,2.549
30.572,-8.086,1.715
30.589,-8.052,0.872
30.606,-7.871,2.614E-2
30.622,-7.635,-0.803
30.639,-7.347,-1.622
30.656,-6.952,-2.408
30.672,-6.496,-3.193
30.689,-5.982,-3.942
30.706,-5.405,-4.652
30.722,-4.794,-5.313
30.739,-4.137,-5.890
30.756,-3.493,-6.460
30.772,-2.813,-6.929
30.789,-2.099,-7.337
30.806,-1.416,-7.698
30.822,-0.719,-7.949
30.839,-2.493E-2,-8.141
30.856,0.622,-8.255
30.872,1.267,-8.254
30.889,1.864,-8.179
30.906,2.446,-8.052
30.922,2.939,-7.860
30.939,3.380,-7.589
30.956,3.838,-7.213
30.973,4.190,-6.789
30.989,4.506,-6.268
31.006,4.765,-5.691
31.023,4.973,-5.056
31.039,5.093,-4.360
31.056,5.157,-3.662
31.073,5.174,-2.896
31.089,5.095,-2.110
31.106,4.958,-1.327
31.123,4.786,-0.537
31.139,4.526,0.280
31.156,4.256,1.089
31.173,3.928,1.882
31.189,3.553,2.638
31.206,3.106,3.384
31.223,2.638,4.093
31.239,2.070,4.759
31.256,1.491,5.387
31.273,0.915,5.961
31.289,0.309,6.486
31.306,-0.369,6.912
31.323,-1.058,7.287
31.339,-1.783,7.589
31.356,-2.498,7.789
31.373,-3.186,7.924
31.389,-3.849,7.983
31.406,-4.472,7.974
31.423,-5.050,7.887
31.440,-5.614,7.720
31.456,-6.107,7.481
31.473,-6.579,7.172
31.490,-6.979,6.780
31.506,-7.343,6.318
31.523,-7.652,5.782
31.540,-7.874,5.182
31.556,-8.066,4.542
31.573,-8.172,3.832
31.590,-8.234,3.076
31.606,-8.236,2.284
31.623,-8.174,1.469
31.640,-8.065,0.650
31.656,-7.870,-0.176
31.673,-7.613,-0.968
31.690,-7.268,-1.772
31.706,-6.847,-2.532
31.723,-6.373,-3.294
31.740,-5.819,-4.015
31.756,-5.240,-4.720
31.773,-4.636,-5.354
31.790,-3.941,-5.898
31.806,-3.290,-6.439
31.823,-2.586,-6.884
31.840,-1.870,-7.279
31.856,-1.171,-7.589
31.873,-0.454,-7.832
31.890,0.192,-8.012
31.907,0.845,-8.094
31.923,1.494,-8.094
31.940,1.993,-8.080
31.957,2.523,-7.956
31.973,3.092,-7.696
31.990,3.541,-7.394
32.007,3.936,-7.041
32.023,4.312,-6.590
32.040,4.595,-6.079
32.057,4.833,-5.482
32.073,5.017,-4.854
32.090,5.120,-4.157
32.107,5.178,-3.441
32.123,5.123,-2.709
32.140,5.041,-1.944
32.157,4.874,-1.163
32.173,4.687,-0.366
32.190,4.442,0.444
32.207,4.143,1.223
32.223,3.770,1.996
32.240,3.378,2.739
32.257,2.944,3.467
32.273,2.425,4.147
32.290,1.852,4.808
32.307,1.253,5.423
32.323,0.621,5.963
32.340,-3.425E-2,6.436
32.357,-0.713,6.848
32.374,-1.379,7.189
32.390,-2.092,7.463
32.407,-2.813,7.656
32.424,-3.475,7.782
32.440,-4.106,7.840
32.457,-4.756,7.795
32.474,-5.315,7.710
32.490,-5.869,7.532
32.507,-6.376,7.276
32.524,-6.816,6.938
32.540,-7.201,6.541
32.557,-7.545,6.061
32.574,-7.847,5.525
32.590,-8.051,4.932
32.607,-8.200,4.273
32.624,-8.285,3.568
32.640,-8.342,2.817
32.657,-8.350,2.039
32.674,-8.260,1.224
32.690,-8.113,0.421
32.707,-7.892,-0.372
32.724,-7.581,-1.137
32.740,-7.188,-1.917
32.757,-6.743,-2.649
32.774,-6.262,-3.395
32.790,-5.685,-4.105
32.807,-5.078,-4.777
32.824,-4.437,-5.357
32.841,-3.768,-5.880
32.857,-3.092,-6.400
32.874,-2.385,-6.838
32.891,-1.661,-7.177
32.907,-0.973,-7.499
32.924,-0.266,-7.728
32.941,0.443,-7.845
32.957,1.088,-7.917
32.974,1.701,-7.923
32.991,2.269,-7.860
33.007,2.857,-7.664
33.024,3.306,-7.474
33.041,3.762,-7.143
33.057,4.173,-6.767
33.074,4.504,-6.304
33.091,4.789,-5.795
33.107,4.998,-5.209
33.124,5.166,-4.567
33.141,5.231,-3.911
33.157,5.239,-3.206
33.174,5.158,-2.478
33.191,5.095,-1.711
33.207,4.920,-0.948
33.224,4.708,-0.171
33.241,4.429,0.606
33.257,4.096,1.374
33.274,3.759,2.113
33.291,3.298,2.845
33.308,2.815,3.546
33.324,2.278,4.217
33.341,1.684,4.847
33.358,1.090,5.436
33.374,0.449,5.947
33.391,-0.266,6.406
33.408,-0.924,6.806
33.424,-1.618,7.107
33.441,-2.332,7.362
33.458,-3.026,7.548
33.474,-3.743,7.629
33.491,-4.400,7.634
33.508,-4.984,7.619
33.524,-5.560,7.495
33.541,-6.093,7.306
33.558,-6.587,7.039
33.574,-7.009,6.707
33.591,-7.419,6.279
33.608,-7.729,5.775
33.624,-7.987,5.245
33.641,-8.183,4.642
33.658,-8.308,3.994
33.674,-8.384,3.292
33.691,-8.376,2.562
33.708,-8.365,1.800
33.724,-8.250,1.015
33.741,-8.085,0.227
33.758,-7.821,-0.561
33.775,-7.507,-1.321
33.791,-7.105,-2.086
33.808,-6.626,-2.789
33.825,-6.100,-3.505
33.841,-5.505,-4.140
33.858,-4.854,-4.790
33.875,-4.206,-5.371
33.891,-3.531,-5.888
33.908,-2.813,-6.346
33.925,-2.116,-6.755
33.941,-1.391,-7.115
33.958,-0.683,-7.375
33.975,3.075E-2,-7.574
33.991,0.712,-7.702
34.008,1.319,-7.763
34.025,1.906,-7.765
34.041,2.430,-7.697
34.058,2.985,-7.493
34.075,3.512,-7.242
34.091,3.941,-6.922
34.108,4.320,-6.529
34.125,4.633,-6.069
34.141,4.892,-5.550
34.158,5.097,-4.983
34.175,5.234,-4.342
34.192,5.281,-3.678
34.208,5.287,-2.975
34.225,5.199,-2.260
34.242,5.079,-1.503
34.258,4.936,-0.730
34.275,4.645,7.979E-3
34.292,4.369,0.762
34.308,4.021,1.529
34.325,3.631,2.250
34.342,3.191,2.964
34.358,2.686,3.642
34.375,2.114,4.284
34.392,1.539,4.900
34.408,0.925,5.456
34.425,0.229,5.935
34.442,-0.497,6.374
34.458,-1.181,6.746
34.475,-1.871,7.032
34.492,-2.578,7.255
34.508,-3.288,7.388
34.525,-3.957,7.466
34.542,-4.592,7.463
34.558,-5.181,7.417
34.575,-5.746,7.286
34.592,-6.273,7.090
34.608,-6.762,6.812
34.625,-7.173,6.458
34.642,-7.556,6.031
34.659,-7.847,5.540
34.675,-8.078,4.996
34.692,-8.279,4.393
34.709,-8.402,3.743
34.725,-8.445,3.051
34.742,-8.422,2.331
34.759,-8.336,1.565
34.775,-8.257,0.804
34.792,-8.067,2.585E-2
34.809,-7.819,-0.721
34.825,-7.441,-1.466
34.842,-6.998,-2.176
34.859,-6.483,-2.888
34.875,-5.936,-3.560
34.892,-5.360,-4.202
34.909,-4.708,-4.835
34.925,-4.030,-5.374
34.942,-3.352,-5.883
34.959,-2.655,-6.335
34.975,-1.945,-6.715
34.992,-1.228,-7.054
35.009,-0.518,-7.312
35.025,0.173,-7.490
35.042,0.874,-7.572
35.059,1.470,-7.622
35.075,2.132,-7.574
35.092,2.632,-7.490
35.109,3.160,-7.304
35.126,3.647,-7.047
35.142,4.062,-6.718
35.159,4.447,-6.292
35.176,4.776,-5.825
35.192,5.015,-5.308
35.209,5.187,-4.727
35.226,5.329,-4.087
35.242,5.340,-3.442
35.259,5.334,-2.730
35.276,5.253,-2.015
35.292,5.075,-1.291
35.309,4.899,-0.550
35.326,4.625,0.195
35.342,4.296,0.920
35.359,3.914,1.656
35.376,3.511,2.368
35.392,3.036,3.046
35.409,2.521,3.715
35.426,1.946,4.323
35.442,1.329,4.902
35.459,0.686,5.440
35.476,1.887E-2,5.930
35.492,-0.704,6.338
35.509,-1.416,6.674
35.526,-2.128,6.945
35.542,-2.839,7.128
35.559,-3.547,7.251
35.576,-4.201,7.324
35.593,-4.834,7.321
35.609,-5.415,7.256
35.626,-5.976,7.089
35.643,-6.491,6.874
35.659,-6.950,6.575
35.676,-7.385,6.214
35.693,-7.718,5.772
35.709,-8.035,5.266
35.726,-8.245,4.725
35.743,-8.400,4.098
35.759,-8.502,3.463
35.776,-8.530,2.777
35.793,-8.494,2.055
35.809,-8.422,1.315
35.826,-8.292,0.574
35.843,-8.075,-0.197
35.859,-7.753,-0.913
35.876,-7.365,-1.635
35.893,-6.933,-2.324
35.909,-6.391,-3.019
35.926,-5.816,-3.658
35.943,-5.194,-4.278
35.959,-4.550,-4.881
35.976,-3.876,-5.404
35.993,-3.179,-5.881
36.009,-2.457,-6.315
36.026,-1.772,-6.698
36.043,-1.043,-6.983
36.060,-0.331,-7.213
36.076,0.373,-7.361
36.093,1.045,-7.451
36.110,1.614,-7.498
36.126,2.234,-7.440
36.143,2.798,-7.304
36.160,3.316,-7.108
36.176,3.775,-6.849
36.193,4.226,-6.472
36.210,4.560,-6.079
36.226,4.874,-5.590
36.243,5.123,-5.046
36.260,5.275,-4.476
36.276,5.333,-3.878
36.293,5.353,-3.231
36.310,5.315,-2.523
36.326,5.204,-1.824
36.343,5.053,-1.095
36.360,4.825,-0.388
36.376,4.554,0.363
36.393,4.234,1.079
36.410,3.819,1.786
36.426,3.398,2.482
36.443,2.929,3.147
36.460,2.366,3.768
36.476,1.755,4.361
36.493,1.101,4.920
36.510,0.449,5.415
36.527,-0.227,5.876
36.543,-0.944,6.269
36.560,-1.653,6.585
36.577,-2.361,6.845
36.593,-3.063,7.029
36.610,-3.715,7.152
36.627,-4.368,7.195
36.643,-5.011,7.157
36.660,-5.646,7.048
36.677,-6.177,6.872
36.693,-6.682,6.644
36.710,-7.145,6.331
36.727,-7.538,5.946
36.743,-7.914,5.497
36.760,-8.168,4.990
36.777,-8.379,4.454
36.793,-8.512,3.852
36.810,-8.602,3.203
36.827,-8.631,2.520
36.843,-8.600,1.801
36.860,-8.473,1.081
36.877,-8.295,0.345
36.893,-8.051,-0.365
36.910,-7.693,-1.078
36.927,-7.303,-1.773
36.944,-6.812,-2.443
36.960,-6.294,-3.136
36.977,-5.720,-3.776
36.994,-5.079,-4.364
37.010,-4.388,-4.932
37.027,-3.688,-5.406
37.044,-2.965,-5.869
37.060,-2.268,-6.278
37.077,-1.528,-6.598
37.094,-0.807,-6.865
37.110,-0.154,-7.124
37.127,0.541,-7.247
37.144,1.115,-7.360
37.160,1.765,-7.360
37.177,2.410,-7.242
37.194,2.949,-7.121
37.210,3.452,-6.912
37.227,3.949,-6.606
37.244,4.325,-6.265
37.260,4.696,-5.832
37.277,4.941,-5.366
37.294,5.145,-4.856
37.310,5.333,-4.216
37.327,5.382,-3.620
37.344,5.388,-2.978
37.360,5.270,-2.330
37.377,5.184,-1.612
37.394,4.992,-0.899
37.411,4.757,-0.192
37.427,4.490,0.517
37.444,4.134,1.225
37.461,3.740,1.923
37.477,3.290,2.586
37.494,2.763,3.223
37.511,2.195,3.842
37.527,1.577,4.405
37.544,0.938,4.936
37.561,0.232,5.397
37.577,-0.476,5.814
37.594,-1.175,6.195
37.611,-1.877,6.513
37.627,-2.603,6.726
37.644,-3.317,6.873
37.661,-4.006,6.966
37.677,-4.667,6.983
37.694,-5.292,6.936
37.711,-5.873,6.831
37.727,-6.410,6.659
37.744,-6.911,6.403
37.761,-7.355,6.069
37.777,-7.742,5.683
37.794,-8.056,5.239
37.811,-8.300,4.714
37.827,-8.459,4.181
37.844,-8.597,3.574
37.861,-8.662,2.934
37.878,-8.660,2.276
37.894,-8.568,1.570
37.911,-8.426,0.853
37.928,-8.251,0.146
37.944,-7.988,-0.547
37.961,-7.615,-1.240
37.978,-7.201,-1.917
37.994,-6.709,-2.555
38.011,-6.152,-3.207
38.028,-5.549,-3.822
38.044,-4.892,-4.405
38.061,-4.213,-4.940
38.078,-3.502,-5.408
38.094,-2.782,-5.827
38.111,-2.049,-6.210
38.128,-1.335,-6.524
38.144,-0.632,-6.782
38.161,5.880E-2,-6.980
38.178,0.719,-7.118
38.194,1.356,-7.175
38.211,2.004,-7.156
38.228,2.598,-7.047
38.244,3.178,-6.855
38.261,3.654,-6.659
38.278,4.132,-6.343
38.294,4.537,-5.951
38.311,4.866,-5.522
38.328,5.129,-5.049
38.345,5.315,-4.519
38.361,5.441,-3.940
38.378,5.467,-3.371
38.395,5.461,-2.722
38.411,5.385,-2.043
38.428,5.233,-1.361
38.445,5.045,-0.664
38.461,4.784,1.997E-2
38.478,4.469,0.723
38.495,4.082,1.405
38.511,3.644,2.065
38.528,3.187,2.711
38.545,2.675,3.327
38.561,2.080,3.920
38.578,1.446,4.458
38.595,0.782,4.970
38.611,8.775E-2,5.416
38.628,-0.624,5.814
38.645,-1.326,6.172
38.661,-2.038,6.446
38.678,-2.758,6.645
38.695,-3.464,6.777
38.711,-4.165,6.842
38.728,-4.829,6.847
38.745,-5.456,6.779
38.761,-6.037,6.646
38.778,-6.564,6.451
38.795,-7.039,6.193
38.812,-7.481,5.858
38.828,-7.827,5.447
38.845,-8.143,4.996
38.862,-8.373,4.487
38.878,-8.541,3.937
38.895,-8.649,3.345
38.912,-8.671,2.706
38.928,-8.660,2.043
38.945,-8.571,1.347
38.962,-8.447,0.650
38.978,-8.226,-5.794E-2
38.995,-7.929,-0.718
39.012,-7.536,-1.401
39.028,-7.093,-2.045
39.045,-6.572,-2.660
39.062,-6.014,-3.288
39.078,-5.392,-3.877
39.095,-4.693,-4.410
39.112,-4.004,-4.920
39.128,-3.313,-5.362
39.145,-2.591,-5.766
39.162,-1.883,-6.133
39.178,-1.105,-6.401
39.195,-0.409,-6.661
39.212,0.228,-6.854
39.228,0.954,-6.920
39.245,1.600,-6.938
39.262,2.242,-6.910
39.279,2.850,-6.803
39.295,3.411,-6.599
39.312,3.928,-6.343
39.329,4.324,-6.048
39.345,4.686,-5.691
39.362,5.015,-5.254
39.379,5.231,-4.784
39.395,5.427,-4.243
39.412,5.507,-3.684
39.429,5.534,-3.112
39.445,5.499,-2.467
39.462,5.370,-1.819
39.479,5.221,-1.133
39.495,5.005,-0.459
39.512,4.732,0.216
39.529,4.394,0.897
39.545,4.006,1.556
39.562,3.555,2.199
39.579,3.066,2.829
39.595,2.502,3.420
39.612,1.923,3.994
39.629,1.288,4.514
39.645,0.572,4.986
39.662,-0.105,5.421
39.679,-0.812,5.798
39.696,-1.532,6.128
39.712,-2.219,6.380
39.729,-2.944,6.570
39.746,-3.644,6.675
39.762,-4.361,6.718
39.779,-5.007,6.707
39.796,-5.637,6.621
39.812,-6.207,6.457
39.829,-6.715,6.250
39.846,-7.185,5.963
39.862,-7.615,5.618
39.879,-7.959,5.222
39.896,-8.226,4.769
39.912,-8.437,4.252
39.929,-8.616,3.696
39.946,-8.696,3.114
39.962,-8.712,2.492
39.979,-8.643,1.828
39.996,-8.574,1.136
40.012,-8.389,0.454
40.029,-8.167,-0.232
40.046,-7.859,-0.884
40.062,-7.464,-1.545
40.079,-6.984,-2.164
40.096,-6.454,-2.794
40.112,-5.860,-3.362
40.129,-5.228,-3.926
40.146,-4.551,-4.462
40.163,-3.844,-4.931
40.179,-3.153,-5.356
40.196,-2.432,-5.751
40.213,-1.696,-6.071
40.229,-0.925,-6.329
40.246,-0.200,-6.532
40.263,0.521,-6.668
40.279,1.186,-6.732
40.296,1.778,-6.792
40.313,2.417,-6.730
40.329,3.005,-6.603
40.346,3.527,-6.410
40.363,4.023,-6.140
40.379,4.445,-5.822
40.396,4.812,-5.440
40.413,5.129,-4.988
40.429,5.324,-4.523
40.446,5.467,-4.015
40.463,5.575,-3.436
40.479,5.581,-2.846
40.496,5.535,-2.218
40.513,5.431,-1.568
40.529,5.242,-0.925
40.546,4.981,-0.264
40.563,4.699,0.379
40.579,4.346,1.044
40.596,3.949,1.676
40.613,3.484,2.315
40.630,2.965,2.916
40.646,2.398,3.476
40.663,1.807,4.032
40.680,1.132,4.539
40.696,0.451,4.998
40.713,-0.250,5.409
40.730,-0.982,5.769
40.746,-1.682,6.054
40.763,-2.435,6.274
40.780,-3.125,6.443
40.796,-3.833,6.526
40.813,-4.494,6.557
40.830,-5.163,6.531
40.846,-5.771,6.422
40.863,-6.327,6.264
40.880,-6.846,6.025
40.896,-7.301,5.735
40.913,-7.696,5.379
40.930,-8.032,4.965
40.946,-8.293,4.505
40.963,-8.500,3.988
40.980,-8.647,3.433
40.996,-8.692,2.837
41.013,-8.715,2.223
41.030,-8.670,1.583
41.046,-8.506,0.917
41.063,-8.313,0.253
41.080,-8.046,-0.409
41.097,-7.729,-1.050
41.113,-7.356,-1.689
41.130,-6.884,-2.305
41.147,-6.308,-2.877
41.163,-5.708,-3.439
41.180,-5.072,-3.968
41.197,-4.368,-4.486
41.213,-3.655,-4.925
41.230,-2.933,-5.319
41.247,-2.222,-5.695
41.263,-1.498,-6.006
41.280,-0.772,-6.272
41.297,-6.891E-2,-6.462
41.313,0.679,-6.540
41.330,1.340,-6.599
41.347,1.982,-6.607
41.363,2.584,-6.531
41.380,3.151,-6.393
41.397,3.666,-6.196
41.413,4.122,-5.936
41.430,4.529,-5.624
41.447,4.884,-5.237
41.463,5.165,-4.791
41.480,5.404,-4.280
41.497,5.544,-3.757
41.513,5.568,-3.238
41.530,5.567,-2.656
41.547,5.495,-2.042
41.564,5.372,-1.393
41.580,5.178,-0.747
41.597,4.951,-9.816E-2
41.614,4.632,0.546
41.630,4.269,1.184
41.647,3.871,1.811
41.664,3.356,2.417
41.680,2.847,3.001
41.697,2.258,3.523
41.714,1.649,4.060
41.730,0.956,4.549
41.747,0.315,4.990
41.764,-0.402,5.385
41.780,-1.144,5.702
41.797,-1.845,5.964
41.814,-2.597,6.163
41.830,-3.303,6.301
41.847,-4.021,6.366
41.864,-4.665,6.381
41.880,-5.354,6.335
41.897,-5.951,6.219
41.914,-6.511,6.039
41.930,-7.019,5.787
41.947,-7.474,5.469
41.964,-7.855,5.103
41.980,-8.180,4.688
41.997,-8.432,4.201
42.014,-8.631,3.690
42.031,-8.713,3.149
42.047,-8.781,2.567
42.064,-8.784,1.944
42.081,-8.707,1.300
42.097,-8.527,0.646
42.114,-8.376,-9.881E-3
42.131,-8.077,-0.646
42.147,-7.721,-1.261
42.164,-7.284,-1.851
42.181,-6.763,-2.400
42.197,-6.212,-2.987
42.214,-5.614,-3.555
42.231,-4.971,-4.074
42.247,-4.269,-4.557
42.264,-3.572,-5.001
42.281,-2.849,-5.388
42.297,-2.108,-5.717
42.314,-1.335,-5.985
42.331,-0.625,-6.206
42.347,8.276E-2,-6.370
42.364,0.786,-6.480
42.381,1.447,-6.499
42.397,2.077,-6.505
42.414,2.718,-6.385
42.431,3.266,-6.243
42.448,3.783,-6.023
42.464,4.215,-5.741
42.481,4.645,-5.399
42.498,4.974,-5.014
42.514,5.237,-4.567
42.531,5.429,-4.078
42.548,5.553,-3.559
42.564,5.626,-2.993
42.581,5.587,-2.428
42.598,5.490,-1.824
42.614,5.346,-1.195
42.631,5.151,-0.559
42.648,4.905,7.823E-2
42.664,4.583,0.698
42.681,4.195,1.319
42.698,3.759,1.931
42.714,3.261,2.520
42.731,2.729,3.085
42.748,2.106,3.578
42.764,1.490,4.097
42.781,0.786,4.561
42.798,0.112,4.974
42.814,-0.608,5.318
42.831,-1.355,5.619
42.848,-2.078,5.880
42.864,-2.792,6.063
42.881,-3.482,6.183
42.898,-4.196,6.230
42.915,-4.850,6.225
42.931,-5.500,6.155
42.948,-6.129,6.028
42.965,-6.660,5.835
42.981,-7.148,5.584
42.998,-7.564,5.259
43.015,-7.951,4.873
43.031,-8.258,4.438
43.048,-8.493,3.959
43.065,-8.680,3.453
43.081,-8.786,2.899
43.098,-8.847,2.314
43.115,-8.798,1.709
43.131,-8.691,1.067
43.148,-8.559,0.434
43.165,-8.344,-0.190
43.181,-8.036,-0.807
43.198,-7.651,-1.409
43.215,-7.205,-1.968
43.231,-6.699,-2.512
43.248,-6.112,-3.088
43.265,-5.470,-3.599
43.281,-4.814,-4.104
43.298,-4.115,-4.562
43.315,-3.400,-4.976
43.331,-2.691,-5.358
43.348,-1.926,-5.647
43.365,-1.192,-5.925
43.382,-0.479,-6.122
43.398,0.236,-6.254
43.415,0.933,-6.313
43.432,1.573,-6.360
43.448,2.233,-6.316
43.465,2.808,-6.230
43.482,3.379,-6.035
43.498,3.910,-5.795
43.515,4.351,-5.490
43.532,4.748,-5.146
43.548,5.075,-4.735
43.565,5.320,-4.289
43.582,5.518,-3.793
43.598,5.590,-3.308
43.615,5.652,-2.734
43.632,5.593,-2.171
43.648,5.469,-1.592
43.665,5.329,-0.954
43.682,5.108,-0.331
43.698,4.833,0.283
43.715,4.523,0.886
43.732,4.103,1.488
43.748,3.634,2.084
43.765,3.141,2.641
43.782,2.604,3.185
43.798,1.970,3.688
43.815,1.320,4.159
43.832,0.611,4.590
43.849,-9.972E-2,4.982
43.865,-0.817,5.321
43.882,-1.534,5.590
43.899,-2.292,5.802
43.915,-3.013,5.992
43.932,-3.725,6.076
43.949,-4.427,6.104
43.965,-5.108,6.077
43.982,-5.694,5.996
43.999,-6.279,5.848
44.015,-6.810,5.642
44.032,-7.321,5.364
44.049,-7.713,5.032
44.065,-8.106,4.646
44.082,-8.411,4.209
44.099,-8.603,3.738
44.115,-8.770,3.222
44.132,-8.879,2.676
44.149,-8.928,2.104
44.165,-8.852,1.479
44.182,-8.720,0.869
44.199,-8.543,0.255
44.215,-8.308,-0.351
44.232,-7.970,-0.951
44.249,-7.575,-1.511
44.265,-7.112,-2.092
44.282,-6.553,-2.637
44.299,-5.989,-3.157
44.316,-5.345,-3.656
44.332,-4.676,-4.141
44.349,-3.948,-4.562
44.366,-3.244,-4.945
44.382,-2.514,-5.308
44.399,-1.755,-5.566
44.416,-1.027,-5.823
44.432,-0.322,-6.015
44.449,0.376,-6.131
44.466,1.085,-6.168
44.482,1.755,-6.188
44.499,2.390,-6.115
44.516,2.981,-5.996
44.532,3.536,-5.780
44.549,3.996,-5.579
44.566,4.450,-5.266
44.582,4.853,-4.898
44.599,5.150,-4.480
44.616,5.360,-4.065
44.632,5.549,-3.564
44.649,5.618,-3.066
44.666,5.665,-2.501
44.682,5.597,-1.948
44.699,5.475,-1.362
44.716,5.309,-0.763
44.732,5.044,-0.164
44.749,4.778,0.449
44.766,4.430,1.048
44.783,4.011,1.629
44.799,3.544,2.218
44.816,3.033,2.751
44.833,2.465,3.257
44.849,1.828,3.757
44.866,1.153,4.200
44.883,0.493,4.602
44.899,-0.230,4.976
44.916,-0.993,5.268
44.933,-1.723,5.531
44.949,-2.484,5.717
44.966,-3.220,5.840
44.983,-3.921,5.920
44.999,-4.558,5.939
45.016,-5.216,5.898
45.033,-5.863,5.792
45.049,-6.434,5.648
45.066,-6.959,5.416
45.083,-7.422,5.135
45.099,-7.839,4.799
45.116,-8.181,4.393
45.133,-8.437,3.954
45.149,-8.672,3.489
45.166,-8.802,2.968
45.183,-8.869,2.421
45.200,-8.874,1.846
45.216,-8.797,1.245
45.233,-8.663,0.637
45.250,-8.490,3.712E-2
45.266,-8.238,-0.550
45.283,-7.876,-1.137
45.300,-7.470,-1.707
45.316,-7.005,-2.228
45.333,-6.447,-2.740
45.350,-5.848,-3.259
45.366,-5.210,-3.718
45.383,-4.503,-4.179
45.400,-3.796,-4.585
45.416,-3.066,-4.952
45.433,-2.315,-5.254
45.450,-1.588,-5.508
45.466,-0.847,-5.723
45.483,-0.133,-5.884
45.500,0.569,-5.976
45.516,1.256,-6.017
45.533,1.902,-6.014
45.550,2.519,-5.945
45.566,3.107,-5.821
45.583,3.637,-5.616
45.600,4.125,-5.363
45.616,4.544,-5.042
45.633,4.935,-4.663
45.650,5.204,-4.269
45.667,5.439,-3.825
45.683,5.559,-3.361
45.700,5.625,-2.846
45.717,5.658,-2.280
45.733,5.567,-1.746
45.750,5.430,-1.170
45.767,5.242,-0.582
45.783,5.048,1.799E-2
45.800,4.720,0.609
45.817,4.345,1.188
45.833,3.933,1.756
45.850,3.451,2.304
45.867,2.931,2.828
45.883,2.349,3.308
45.900,1.696,3.798
45.917,1.033,4.234
45.933,0.329,4.607
45.950,-0.408,4.954
45.967,-1.136,5.257
45.983,-1.886,5.462
46.000,-2.594,5.636
46.017,-3.303,5.764
46.033,-4.014,5.819
46.050,-4.704,5.804
46.067,-5.357,5.747
46.083,-6.001,5.614
46.100,-6.596,5.427
